{
  "per_session": {
    "feishu:oc_09badee0f5a1ab10ae365c6712d6cddd": {
      "last_diary_refine": 1778460349.8906882,
      "last_rollup_day": "2026-05-11",
      "last_session_lt_refine": 1778460349.8906882
    }
  },
  "last_agent_lt_refine": 1778460349.8906882
}